contraction,expansion
g,tidak
ga,tidak
gak,tidak
gk,tidak
tdk,tidak
nggak,tidak
ngga,tidak
enggak,tidak
engga,tidak
kagak,tidak
kaga,tidak
kga,tidak
kgaa,tidak
ndak,tidak
nda,tidak
ora,tidak
tak,tidak
jg,juga
jga,juga
juge,juga
yg,yang
yng,yang
ygp,yang
bkn,bukan
bukn,bukan
udh,sudah
udah,sudah
sdh,sudah
dh,sudah
su,sudah
udeh,sudah
uda,sudah
krn,karena
karna,karena
krna,karena
dst,dan seterusnya
tp,tapi
tpi,tapi
tapii,tapi
tapiy,tapi
pi,tapi
dg,dengan
dgn,dengan
dngn,dengan
dgnn,dengan
dpt,dapat
dapet,dapat
dapett,dapat
dptnya,dapat
dlm,dalam
dalem,dalam
dlem,dalam
bgt,banget
bgtt,banget
banged,banget
bnget,banget
pake,banget
bangetz,banget
begete,banget
dr,dari
dri,dari
drpd,daripada
daripade,daripada
kl,kalau
klo,kalau
kalo,kalau
kalok,kalau
klo,kalau
klu,kalau
nek,kalau
sbg,sebagai
sbgi,sebagai
sebage,sebagai
trus,terus
terus,terus
trs,terus
truss,terus
lg,lagi
lgi,lagi
lagii,lagi
lagih,lagi
ghiy,lagi
lgy,lagi
sy,saya
sya,saya
saia,saya
gw,saya
gua,saya
gue,saya
guwe,saya
ogut,saya
w,saya
awak,saya
km,kamu
kmu,kamu
kamu,kamu
kau,kamu
koe,kamu
lu,kamu
loe,kamu
elu,kamu
lo,kamu
anda,kamu
sampeyan,kamu
situ,kamu
dikau,kamu
tmn,teman
temen,teman
tmen,teman
konco,teman
kawan,teman
cs,teman
geng,teman
gengs,teman-teman
msh,masih
masi,masih
masii,masih
macih,masih
blm,belum
blom,belum
belom,belum
blum,belum
smg,semoga
moga,semoga
smoga,semoga
muga,semoga
mudah2an,semoga
mdh2an,semoga
spt,seperti
sprt,seperti
sprti,seperti
kek,seperti
kayak,seperti
kyk,seperti
ky,seperti
bagai,seperti
scr,secara
secarah,secara
thx,terima kasih
thanks,terima kasih
thankyou,terima kasih
makasih,terima kasih
mksh,terima kasih
mks,terima kasih
trim,terima kasih
trims,terima kasih
tq,terima kasih
tx,terima kasih
ty,terima kasih
maaci,terima kasih
nuwun,terima kasih
suwun,terima kasih
matur nuwun,terima kasih
wkt,waktu
wktu,waktu
bbrp,beberapa
bbrapa,beberapa
ku,aku
ak,aku
ako,aku
aq,aku
aqu,aku
ngak,tidak
ngestuck,stuck
terjebak,stuck
ngefreeze,stuck
nggamau,tidak mau
gamau,tidak mau
gakmau,tidak mau
tdk mau,tidak mau
mls,malas
males,malas
mager,malas gerak
bgs,bagus
bgus,bagus
baek,bagus
apik,bagus
sip,bagus
ok,bagus
oke,bagus
mantap,bagus
mantab,bagus
nice,bagus
good,bagus
gg,bagus
keren,bagus
kerenn,bagus
kce,keren
ml,mobile legend
mobel lejen,mobile legend
em el,mobile legend
x,kali
kali,kali
brp x,berapa kali
sekali,1 kali
2x,dua kali
3x,tiga kali
hp,handphone
henpon,handphone
hape,handphone
ponsel,handphone
lgs,langsung
lgsg,langsung
langsg,langsung
lansung,langsung
yasudah,ya sudah
yaudah,ya sudah
yowis,ya sudah
yws,ya sudah
ywd,ya sudah
yawdah,ya sudah
pdhl,padahal
pdahal,padahal
padahal,padahal
ngeleg,jaringan lambat
ngelag,jaringan lambat
ngelek,jaringan lambat
lag,jaringan lambat
lagging,jaringan lambat
patah2,jaringan lambat
patah-patah,jaringan lambat
lemot,lambat
lola,lambat
lambreta,lambat
xnya,kalinya
kalinya,kalinya
skil,kemampuan
skill,kemampuan
kamampuan,kemampuan
kebisaan,kemampuan
nggaada,tidak ada
gaada,tidak ada
gda,tidak ada
tak ada,tidak ada
gamenya,game
gim,game
permainannya,game
ranknya,peringkatnya
peringkat,peringkatnya
rank,peringkat
tinkatan,peringkatnya
knp,kenapa
kenafa,kenapa
napa,kenapa
ngapa,kenapa
kenape,kenapa
mengapa,kenapa
why,kenapa
kalo,kalau
pro,ahli
progamer,ahli
pakar,ahli
jago,ahli
master,ahli
suhu,ahli
walapun,walaupun
walau,walaupun
meskipun,walaupun
miskipun,walaupun
sm,sama
sama,sama
sma,sama
kek,sama
sesama,sama
gj,tidak jelas
gajelas,tidak jelas
gaje,tidak jelas
ga jelas,tidak jelas
gk jelas,tidak jelas
tdk jelas,tidak jelas
rak jelas,tidak jelas
gabisa,tidak bisa
gbs,tidak bisa
tak bisa,tidak bisa
gak bisa,tidak bisa
gk bisa,tidak bisa
tdk bisa,tidak bisa
ora iso,tidak bisa
raiso,tidak bisa
anj,anjing
ajg,anjing
anying,anjing
anjing,anjing
bajingan,anjing
bangsat,anjing
tapii,tapi
matching,pencocokan pemain
matchmaking,pencocokan pemain
nyari musuh,pencocokan pemain
nyari tim,pencocokan pemain
nyari lawan,pencocokan pemain
ngotak,berpikir
mikir,berpikir
mikerr,berpikir
pake otak,berpikir
ngasih,memberi
kasih,memberi
kasi,memberi
beri,memberi
ngasi,memberi
ngefeed,mainnya jelek
feeder,mainnya jelek
beban,mainnya jelek
mainnya ampas,mainnya jelek
mainnya jelek,mainnya jelek
mainnya buruk,mainnya jelek
mati mulu,mainnya jelek
lagg,jaringan lambat
pls,tolong
plis,tolong
pliss,tolong
tlng,tolong
tlg,tolong
tulung,tolong
ngetrol,merugikan tim
troll,merugikan tim
ngerjain tim,merugikan tim
ganggu tim,merugikan tim
ngeganggu,mengganggu
ganggu,mengganggu
gangguin,mengganggu
pas,saat
waktu,saat
ketika,saat
pasan,saat
ngerti,paham
paham,paham
mudeng,paham
ngertos,paham
tau,tahu
tahu,tahu
ngertiin,memahami
gtu,begitu
gitu,begitu
gituu,begitu
gituh,begitu
kek gitu,begitu
updatete,pembaruan
update,pembaruan
apdet,pembaruan
pembaruan,pembaruan
perbaruan,pembaruan
ngecit,curang
cheat,curang
curang,curang
pake cit,curang
pake cheat,curang
mabar,main bareng
maen bareng,main bareng
main bareng,main bareng
nambang,menambah
nambah,menambah
nambahi,menambah
tambah,menambah
tmbah,menambah
tmbh,menambah
abiezzz,sekali
abis,habis
abisss,habis
hbs,habis
bsa,bisa
biso,bisa
iso,bisa
isa,bisa
bole,boleh
boleh,boleh
kenging,boleh
loging,masuk
login,masuk
masuk,masuk
sign in,masuk
keren,bagus
lumayanla,lumayan
lumayan,lumayan
lmyn,lumayan
lmyan,lumayan
mayan,lumayan
mayanlah,lumayan
seruuuu,seru
seru,seru
asik,seru
asek,seru
menyenangkan,seru
kgaa,tidak
nice,bagus
ae,saja
ajah,saja
aj,saja
aja,saja
akn,akan
akan,akan
bakal,akan
kan,akan
mo,mau
mau,mau
mao,mau
pengen,mau
pingin,mau
ingin,mau
ama,sama
ampe,sampai
sampe,sampai
smp,sampai
ancur,hancur
hancur,hancur
anjir,anjing
ap,apa
apaan,apa
ape,apa
aph,apa
apk,aplikasi
app,aplikasi
aps,aplikasi
ato,atau
or,atau
utk,untuk
tuk,untuk
buat,untuk
bwt,untuk
bt,untuk
bagai,seperti
banget,sekali
bangke,bangkai
banyakin,perbanyak
bazeng,bajingan
bbrp,beberapa
bc,baca
baca,baca
bct,bacot
bacot,banyak bicara
bdg,bandung
beb,sayang
sayang,sayang
yank,sayang
bejibun,banyak
bnyk,banyak
byk,banyak
buanyak,banyak
belom,belum
bener,benar
benar,benar
beneran,benar
bnran,benar
betul,benar
btul,benar
iyo,iya
ya,iya
iya,iya
hooh,iya
yoi,iya
yoi,iya
sip,iya
ok,iya
oke,iya
yeah,iya
yes,iya
yup,iya
yups,iya
bentar,sebentar
bntar,sebentar
sbntar,sebentar
sebentar,sebentar
ber2,berdua
berdua,berdua
ber3,bertiga
bertiga,bertiga
ber4,berempat
berempat,berempat
ber5,berlima
berlima,berlima
bete,bosan
bosan,bosan
boring,bosan
bosen,bosan
bgts,banget
biar,agar
agar,agar
supaya,agar
spy,supaya
bijimane,bagaimana
gimana,bagaimana
gmn,bagaimana
gmana,bagaimana
bagaimana,bagaimana
kek mana,bagaimana
kyk mana,bagaimana
bikin,membuat
buat,membuat
bikin,membuat
bilang,berkata
ngomong,berkata
ngmg,berkata
omong,berkata
bicara,berkata
ngobrol,berbicara
ngobrol,berbicara
bilangin,memberitahu
kasih tau,memberitahu
kasi tau,memberitahu
bju,baju
pakaian,baju
bks,bekasi
bl,beli
beli,beli
blg,bilang
bln,bulan
bulan,bulan
bls,balas
balas,balas
reply,balas
rply,balas
blum,belum
bnci,benci
benci,benci
bokap,ayah
ayah,ayah
bapak,ayah
bokep,porno
boker,buang air besar
bab,buang air besar
pup,buang air besar
berak,buang air besar
bokis,bohong
bohong,bohong
ngibul,bohong
kibul,bohong
dusta,bohong
boljug,boleh juga
bonek,bocah nekat
boy,kakak
bro,kakak
kak,kakak
kakak,kakak
mas,kakak
mbak,kakak
bpng,bapak
bps,bapak
br,baru
baru,baru
anyar,baru
brg,bareng
bareng,bersama
brng,bareng
brsama,bersama
brngkt,berangkat
berangkat,pergi
budal,pergi
pergi,pergi
bru,baru
brur,saudara
saudara,saudara
sedulur,saudara
sodara,saudara
bsk,besok
besok,besok
esok,besok
btw,ngomong-ngomong
ngomong2,ngomong-ngomong
omong2,ngomong-ngomong
buaya,tidak setia
playboy,tidak setia
bubug,tidur
tidur,tidur
turu,tidur
bobok,tidur
byk,banyak
byr,bayar
bayar,bayar
mbayar,bayar
cabs,cabut
cabut,pergi
cape,lelah
capek,lelah
lelah,lelah
caur,jelek
elek,jelek
jelek,jelek
cb,coba
cba,coba
coba,coba
nyoba,mencoba
mencoba,mencoba
cekak,tidak punya uang
bokek,tidak punya uang
kere,tidak punya uang
cemen,penakut
penakut,penakut
takut,takut
cepet,cepat
cepat,cepat
cepetan,cepat
segera,cepat
cew,cewek
cewek,perempuan
wanita,perempuan
perempuan,perempuan
cg,cantik ganteng
ciye,cie
cie,cie
ckp,cakep
cakep,tampan
ganteng,tampan
ganteng,tampan
good looking,tampan
ckp,cukup
cukup,cukup
wes,cukup
clgn,calon
calon,calon
cm,cuma
cuma,hanya
cmn,cuma
hanya,hanya
tok,hanya
cmiiw,koreksi jika saya salah
cong,bocah
bocah,anak kecil
anak kecil,anak kecil
cow,cowok
cowok,laki-laki
pria,laki-laki
laki2,laki-laki
laki-laki,laki-laki
coy,kawan
kawan,teman
cp,siapa
siapa,siapa
sapa,siapa
sopo,siapa
cpa,siapa
cpe,capek
cpet,cepat
cpt,cepat
cu,sampai jumpa
sampai jumpa,sampai jumpa
dadah,sampai jumpa
bye,sampai jumpa
cuek,tidak peduli
masa bodoh,tidak peduli
bodo amat,tidak peduli
cukupw,cukup
cuman,hanya
cuy,kawan
d,di
di,di
nang,di
dah,sudah
dapet,dapat
dateng,datang
datang,datang
teko,datang
rawuh,datang
dblg,dibilang
dibilang,dikatakan
de,adik
adik,adik
dek,adik
demen,suka
suka,suka
seneng,suka
denger,dengar
dengar,dengar
krungu,dengar
dengerin,dengarkan
dengarkan,dengarkan
rungokno,dengarkan
diancur,dihancurkan
dimaem,dimakan
dimakan,dimakan
dipangan,dimakan
didahar,dimakan
dimane,dimana
dimana,dimana
nangdi,dimana
dimsum,dim sum
dirmh,dirumah
dirumah,dirumah
omah,rumah
griya,rumah
rmh,rumah
dkt,dekat
dekat,dekat
cedak,dekat
dl,dulu
dulu,dulu
mbiyen,dulu
riyen,dulu
dlu,dulu
dmn,dimana
dna,dan
dan,dan
lan,dan
doi,dia
dia,dia
dee,dia
donk,dong
dong,dong
dongs,dong
dp,uang muka
uang muka,uang muka
duit,uang
uang,uang
doku,uang
duid,uang
hepeng,uang
duls,dulu
dun,dong
dy,dia
edan,gila
gila,gila
gendeng,gila
sinting,gila
eek,buang air besar
egp,emang gue pikirin
eke,aku
elu,kamu
emang,memang
memang,memang
emg,memang
pancen,memang
emot,emosi
emosi,emosi
envy,iri
iri,iri
dengki,iri
ex,mantan
mantan,mantan
fav,favorit
favorit,favorit
kesukaan,favorit
faq,pertanyaan umum
pertanyaan umum,pertanyaan umum
fix,pasti
pasti,pasti
fyi,untuk informasimu
untuk info,untuk informasimu
info,informasi
informasi,informasi
gabut,gaji buta
gabut,bosan
gada,tidak ada
gadogado,campur aduk
campur aduk,campur aduk
gae,kerja
kerja,kerja
kerjo,kerja
makaryo,kerja
gampang,mudah
mudah,mudah
gampil,mudah
enteng,mudah
gan,juragan
juragan,bos
bos,bos
garing,tidak lucu
jayus,tidak lucu
kriuk,tidak lucu
gas,ayo
ayo,ayo
kuy,ayo
monggo,ayo
gawe,kerja
gay,homoseksual
homo,homoseksual
maho,homoseksual
gebetan,incaran
incaran,incaran
gegara,gara-gara
gara2,gara-gara
geje,tidak jelas
gemes,gemas
gemas,gemas
gengges,ganggu
ganggu,ganggu
geten,begini
begini,begini
gini,begini
ngene,begini
gino,begini
gile,gila
gituh,begitu
gt,begitu
gitu,begitu
ngono,begitu
gtu,begitu
gua,saya
guah,saya
gue,saya
gws,semoga lekas sembuh
smg cpt smbuh,semoga lekas sembuh
ha,tertawa
haha,tertawa
hahaha,tertawa
hehe,tertawa
hehehe,tertawa
wkwk,tertawa
wkwkwk,tertawa
xixi,tertawa
xixixi,tertawa
hallow,halo
halo,halo
helo,halo
hi,halo
hai,halo
hbs,habis
habis,habis
entek,habis
telas,habis
henpon,telepon genggam
hers,punyanya
punyanya,punyanya
hilang,hilang
ilang,hilang
lungo,hilang
ical,hilang
hlg,hilang
hlo,halo
hoax,berita palsu
berita bohong,berita palsu
hoby,hobi
hobi,hobi
kesenangan,hobi
horang,orang
orang,orang
uwong,orang
wong,orang
jalma,orang
manungso,orang
hr,hari
hari,hari
dino,hari
hrg,harga
harga,harga
rego,harga
hrini,hari ini
hari ini,hari ini
saiki,hari ini
hrs,harus
harus,harus
kudu,harus
wajib,harus
hrus,harus
hub,hubungan
hubungan,hubungan
huff,mengeluh
mengeluh,mengeluh
sambet,mengeluh
hum,rumah
ilfeel,tidak suka
ilang feeling,tidak suka
imho,menurut pendapat saya
mnrt sy,menurut pendapat saya
imoetz,imut
imut,lucu
lucu,lucu
unch,lucu
unyu,lucu
input,masukan
masukan,masukan
is,adalah
adalah,adalah
iso,bisa
it,itu
itu,itu
iku,itu
kae,itu
iyo,iya
ja,saja
jadi,jadi
jd,jadi
jdi,jadi
dadi,jadi
jaim,jaga citra
jaga image,jaga citra
jangan,jangan
ojo,jangan
jgn,jangan
jeles,cemburu
cemburu,cemburu
iri hati,cemburu
jem,jam
jam,jam
jkt,jakarta
jln,jalan
jalan,jalan
dalan,jalan
margi,jalan
jls,jelas
jelas,jelas
jomblo,sendiri
sendiri,sendiri
single,sendiri
jualan,berjualan
dodol,berjualan
berjualan,berjualan
dagang,berjualan
jujur,benar
jum,jumat
jumat,jumat
ka,kakak
kabor,kabur
kabur,pergi
mlayu,pergi
kacian,kasihan
kasihan,kasihan
mesake,kasihan
welas,kasihan
kampret,sialan
sialan,sialan
asem,sialan
asu,anjing
kan,akan
kasian,kasihan
kayaknya,sepertinya
sepertinya,sepertinya
koyoke,sepertinya
ketoke,sepertinya
keknya,sepertinya
kykny,sepertinya
kyknya,sepertinya
kbr,kabar
kabar,kabar
pawarto,kabar
kburu,keburu
keburu,terlanjur
kcl,kecil
kecil,kecil
cilik,kecil
alit,kecil
kcuali,kecuali
kecuali,kecuali
kajaba,kecuali
kdg,kadang
kadang,kadang
kadang2,kadang-kadang
kederr,bingung
bingung,bingung
mumet,bingung
pusing,bingung
lieur,bingung
keles,kali
kali,kali
kemaren,kemarin
kemarin,kemarin
wingi,kemarin
kempot,kempes
kempes,kempes
kenceng,kencang
kencang,kencang
banter,kencang
kene,kena
kena,kena
kenen,keren
kepo,ingin tahu
serba ingin tahu,ingin tahu
penasaran,penasaran
kerad,keras
keras,keras
atos,keras
kesel,kesal
kesal,kesal
mangkel,kesal
jengkel,kesal
ketauan,ketahuan
ketahuan,ketahuan
konangan,ketahuan
k Habs,kehabisan
kehabisan,habis
keentekan,habis
kicep,diam
diam,diam
meneng,diam
kendel,diam
kimpoi,kawin
kawin,menikah
nikah,menikah
rabi,menikah
klian,kalian
kalian,kalian
sampean,kalian
klmtn,kalimantan
kmps,kampus
kampus,kampus
kmrn,kemarin
kn,kan
knl,kenal
kenal,kenal
tepang,kenal
kntl,kontol
ko,kok
kok,kok
lah kok,kok
kocag,kocak
kocak,lucu
ngakak,tertawa
ngguyu,tertawa
kompi,komputer
komputer,komputer
kongkow,kumpul-kumpul
kumpul,berkumpul
ngumpul,berkumpul
kopdar,kopi darat
ketemuan,bertemu
bertemu,bertemu
ketemu,bertemu
korup,korupsi
korupsi,korupsi
kpn,kapan
kapan,kapan
kramas,keramas
keramas,keramas
kreatip,kreatif
kreatif,kreatif
krezi,gila
krg,kurang
kurang,kurang
kriuk,renyah
renyah,renyah
krj,kerja
krja,kerja
krumah,ke rumah
ksl,kesal
kt,kita
kita,kita
awake dewe,kita
kta,kata
kata,kata
omongan,kata
ucapan,kata
ktmu,ketemu
ktr,kantor
kantor,kantor
ktwa,tertawa
kudu,harus
kul,kuliah
kuliah,kuliah
kurng,kurang
kusus,khusus
khusus,khusus
spesial,khusus
kw,imitasi
tiruan,imitasi
palsu,imitasi
kwkwkwk,tertawa
la,lah
lah,lah
laka,kecelakaan
kecelakaan,kecelakaan
ciloko,kecelakaan
lamo,lama
lama,lama
suwe,lama
lancar,lancar
lancar,lancar
bablas,lancar
lanjut,lanjut
lanjut,lanjut
terus,lanjut
laper,lapar
lapar,lapar
luwe,lapar
ngeleh,lapar
lapo,laporan
laporan,laporan
latian,latihan
latihan,latihan
gladhen,latihan
lebay,berlebihan
berlebihan,berlebihan
alay,berlebihan
nggilani,berlebihan
lesbi,lesbian
lesbian,lesbian
lht,lihat
lihat,lihat
liat,lihat
ndelok,lihat
nonton,menonton
melihat,lihat
lm,lama
lmyn,lumayan
lmyan,lumayan
lngsg,langsung
lo,kamu
loe,kamu
lol,tertawa
lola,lambat berpikir
telmi,lambat berpikir
lemot,lambat berpikir
low,rendah
rendah,rendah
andhap,rendah
luchu,lucu
lupa,lupa
lali,lupa
supe,lupa
luthu,lucu
lwt,lewat
lewat,lewat
liwat,lewat
m,mas
maap,maaf
maaf,maaf
sori,maaf
sorry,maaf
punten,maaf
pangapunten,maaf
sepuro,maaf
macem,macam
macam,jenis
jenis,jenis
madesu,masa depan suram
maen,main
main,main
maenan,mainan
mainan,mainan
dolanan,mainan
mak,ibu
ibu,ibu
emak,ibu
simok,ibu
biyung,ibu
mama,ibu
bunda,ibu
make,pakai
pakai,pakai
nganggo,pakai
agem,pakai
makin,semakin
semakin,semakin
tambah,semakin
malah,malah
malah,malah
maleh,malah
malem,malam
malam,malam
wengi,malam
dalu,malam
mam,makan
makan,makan
mangan,makan
dhahar,makan
maem,makan
mana,mana
mane,mana
endi,mana
pundi,mana
mang,memang
mantul,mantap betul
manut,nurut
nurut,patuh
patuh,patuh
marketing,pemasaran
pemasaran,pemasaran
masa,masa
mosok,masa
masala,masalah
masalah,masalah
perkoro,masalah
problem,masalah
masbro,kakak
masi,masih
masukin,memasukkan
memasukkan,memasukkan
nglebokne,memasukkan
matiin,matikan
matikan,matikan
pateni,matikan
mba,mbak
mbl,mobil
mobil,mobil
montor,mobil
mbo,tidak tahu
mboh,tidak tahu
embuh,tidak tahu
ra ngerti,tidak tahu
mending,lebih baik
lebih baik,lebih baik
luwih apik,lebih baik
mendingan,lebih baik
mepet,mendesak
mendesak,mendesak
urgent,mendesak
merem,menutup mata
menutup mata,menutup mata
merem,menutup mata
met,selamat
selamat,selamat
slamet,selamat
sugeng,selamat
mgkn,mungkin
mungkin,mungkin
mbok menowo,mungkin
jangan2,mungkin
mhn,mohon
mohon,mohon
nyuwun,mohon
migren,migrain
mik,mikrofon
mikrofon,mikrofon
miker,minum keras
mabuk,minum keras
miras,minum keras
milis,mailing list
minggu,minggu
ahad,minggu
minjem,pinjam
pinjam,pinjam
nyilih,pinjam
ngampil,pinjam
minta,minta
jaluk,minta
nyuwun,minta
njaluk,minta
mj,meja
meja,meja
mk,maka
maka,maka
mkah,makalah
makalah,makalah
mkan,makan
mkin,makin
mtr,motor
motor,sepeda motor
sepeda motor,sepeda motor
pit montor,sepeda motor
muahal,mahal
mahal,mahal
larang,mahal
muantab,mantap
mudah2an,semoga
mumet,pusing
murmer,murah meriah
murah meriah,murah meriah
muter,berputar
berputar,berputar
mubeng,berputar
mvp,pemain terbaik
pemain terbaik,pemain terbaik
best player,pemain terbaik
mw,mau
n,dan
naek,naik
naik,naik
munggah,naik
nagh,anak
anak,anak
bocah,anak
lare,anak
najis,jijik
jijik,jijik
gumoh,jijik
nak,anak
nanya,bertanya
bertanya,bertanya
takon,bertanya
tanglet,bertanya
napa,kenapa
napi,narapidana
narapidana,narapidana
napsu,nafsu
nafsu,nafsu
narsis,bangga diri
bangga diri,bangga diri
pamer,pamer
nasgor,nasi goreng
nasi goreng,nasi goreng
sego goreng,nasi goreng
ndiri,sendiri
sendirian,sendiri
dewe,sendiri
piyambak,sendiri
ne,ini
ini,ini
iki,ini
niku,ini
nek,kalau
nelfon,menelepon
menelepon,menelepon
nelpon,menelepon
telpon,telepon
nemu,menemukan
menemukan,menemukan
nemokake,menemukan
neng,adik
net,internet
internet,internet
ngakak,tertawa
ngaku,mengaku
mengaku,mengaku
ngakoni,mengaku
ngalamin,mengalami
mengalami,mengalami
ngalami,mengalami
ngambek,marah
marah,marah
nesu,marah
duko,marah
ngantuk,mengantuk
mengantuk,mengantuk
ngantuk,mengantuk
ngarep,berharap
berharap,berharap
ngarep,berharap
ngebut,cepat
ngece,mengejek
mengejek,mengejek
ngelek elek,mengejek
ngenyek,mengejek
ngekos,tinggal di kos
kos,indekos
indekos,indekos
ngeles,berkilah
berkilah,berkilah
ngelak,berkilah
ngeluh,mengeluh
ngemil,makan ringan
ngenes,sedih
sedih,sedih
susah,sedih
nelongso,sedih
ngepost,mengirim
mengirim,mengirim
posting,mengirim
ngerasa,merasa
merasa,merasa
rumangsa,merasa
ngerjain,mengerjai
mengerjai,mengerjai
nggarap,mengerjai
ngeselin,menyebalkan
menyebalkan,menyebalkan
mangkelno,menyebalkan
ngetwit,menulis tweet
nggu,nunggu
nunggu,menunggu
menunggu,menunggu
ngenteni,menunggu
ngentosi,menunggu
ngiler,tergoda
tergoda,tergoda
kepengen,tergoda
ngiri,iri
ngisiin,mengisi
mengisi,mengisi
ngisi,mengisi
ngomong,berbicara
ngong,bingung
ngopi,minum kopi
minum kopi,minum kopi
ngreply,membalas
ngumpul,berkumpul
nih,ini
nikah,menikah
nimbrung,ikut bergabung
ikut,ikut serta
melu,ikut serta
nimbrung,ikut serta
nip,nomor induk pegawai
nipon,jepang
jepang,jepang
nlfn,menelepon
nmr,nomor
nomor,nomor
nomer,nomor
nntn,nonton
nonton,menonton
nobar,nonton bareng
nonton bareng,nonton bareng
nolong,menolong
menolong,menolong
nulungi,menolong
nongkrong,kumpul
noob,pemula
pemula,pemula
newbie,pemula
nubie,pemula
cupu,pemula
norak,kampungan
kampungan,kampungan
ndeso,kampungan
ntabs,mantap
ntar,nanti
nanti,nanti
mengko,nanti
ntn,nonton
ntr,nanti
numpuk,bertumpuk
bertumpuk,bertumpuk
numplek,bertumpuk
nw,menawarkan
menawarkan,menawarkan
nawani,menawarkan
nymn,nyaman
nyaman,nyaman
nyokap,ibu
nyusul,menyusul
menyusul,menyusul
nusul,menyusul
o,oleh
oleh,oleh
karo,oleh
ogah,tidak mau
ora gelem,tidak mau
emoh,tidak mau
ogut,saya
okay,oke
okey,oke
oles,oleh
om,paman
paman,paman
pakde,paman
omdo,omong doang
omong kosong,omong doang
onlen,daring
online,daring
daring,daring
oot,keluar topik
keluar topik,keluar topik
ortu,orang tua
orang tua,orang tua
wong tuo,orang tua
otak,pikiran
pikiran,pikiran
otw,sedang di jalan
dijalan,sedang di jalan
otw,sedang di jalan
p,pergi
pacar,kekasih
kekasih,kekasih
pacar,kekasih
ayang,kekasih
pake,pakai
paketin,memaketkan
memaketkan,memaketkan
pala,kepala
kepala,kepala
sirah,kepala
mustaka,kepala
pansos,panjat sosial
panjat sosial,panjat sosial
parah,buruk
buruk,buruk
elek,buruk
parno,takut
pasutri,pasangan suami istri
pasangan suami istri,pasangan suami istri
pd,pada
pede,percaya diri
percaya diri,percaya diri
pd,percaya diri
pedes,pedas
pedas,pedas
pegel,lelah
pejwan,halaman satu
halaman satu,halaman satu
pelis,tolong
pen,ingin
per,per
peres,palsu
pesen,pesan
pesan,pesan
order,pesan
pg,pagi
pagi,pagi
esuk,pagi
enjing,pagi
pgn,ingin
pi,tapi
pic,gambar
gambar,gambar
foto,gambar
pik,pikiran
pintar,pintar
pinter,pintar
cerdas,pintar
pandai,pintar
pisan,sangat
sangat,sangat
banget,sangat
pol,sangat
temen,sangat
pk,pakai
pke,pakai
pl,pula
pula,pula
plg,paling
paling,paling
pol,paling
pm,pesan pribadi
pesan pribadi,pesan pribadi
japri,pesan pribadi
dm,pesan pribadi
pngn,ingin
pnjg,panjang
panjang,panjang
dowo,panjang
po,pesan dulu
preorder,pesan dulu
pol,sangat
ponakan,keponakan
keponakan,keponakan
pr,pekerjaan rumah
pekerjaan rumah,pekerjaan rumah
pe er,pekerjaan rumah
prcaya,percaya
percaya,percaya
percoyo,percaya
prcy,percaya
prei,libur
libur,libur
prg,pergi
priksa,periksa
periksa,periksa
priksa,periksa
cek,periksa
prnh,pernah
pernah,pernah
tau,pernah
promot,promosi
promosi,promosi
prov,provinsi
provinsi,provinsi
psn,pesan
pst,pasti
psti,pasti
ptg,potong
potong,potong
iris,potong
puanas,panas
panas,panas
sumuk,panas
pub,publikasi
publikasi,publikasi
pulang,kembali
kembali,kembali
balik,kembali
mulih,kembali
kondur,kembali
pulsa,pulsa
pulsa,pulsa
punten,permisi
permisi,permisi
nuwun sewu,permisi
puyeng,pusing
pny,punya
punya,punya
nduwe,punya
gadah,punya
q,aku
qt,kita
rame,ramai
ramai,ramai
rame,ramai
rcti,rajawali citra televisi indonesia
rebes,beres
beres,selesai
mari,selesai
rampung,selesai
reg,regional
regional,regional
rejeki,rezeki
rezeki,rezeki
rejeki,rezeki
rek,rekening
rekening,rekening
rempong,repot
repot,repot
riweuh,repot
rest,istirahat
istirahat,istirahat
ngaso,istirahat
leren,istirahat
resync,sinkronisasi ulang
ripiu,ulasan
ulasan,ulasan
review,ulasan
ripost,kirim ulang
kirim ulang,kirim ulang
repost,kirim ulang
rotfl,tertawa terbahak-bahak
rt,rukun tetangga
ru,baru
ruame,ramai
ruko,rumah toko
rumah toko,rumah toko
rusuh,ribut
ribut,ribut
rame,ribut
gawedan,ribut
rw,rukun warga
salken,salam kenal
salam kenal,salam kenal
sam,sama
sange,nafsu
sapa,siapa
sapose,siapa
sarkas,sarkastik
sarkastik,sarkastik
sato,binatang
binatang,hewan
hewan,hewan
kewan,hewan
sakit,sakit
loro,sakit
gerah,sakit
salting,salah tingkah
salah tingkah,salah tingkah
grogi,salah tingkah
samsek,sama sekali
sama sekali,sama sekali
blas,sama sekali
santuy,santai
santai,santai
selo,santai
slow,santai
selow,santai
sbh,sebuah
sebuah,sebuah
siji,sebuah
sblm,sebelum
sebelum,sebelum
sakdurunge,sebelum
sblmnya,sebelumnya
sbnr,sebenarnya
sebenarnya,sebenarnya
sakjane,sebenarnya
sbnrnya,sebenarnya
sdg,sedang
sedang,sedang
lagi,sedang
nembe,sedang
sdgkn,sedangkan
sedangkan,sedangkan
sdkt,sedikit
sedikit,sedikit
sitik,sedikit
sakedik,sedikit
sdkit,sedikit
sdr,saudara
se7,setuju
setuju,setuju
stuju,setuju
sreg,setuju
cocok,setuju
sebel,kesal
sedeng,gila
sejenis,seperti
seklh,sekolah
sekolah,sekolah
sekseh,seksi
seksi,seksi
selpi,selfie
selfie,swafoto
swafoto,swafoto
semangka,semangat
semangat,semangat
spirit,semangat
semok,seksi
sempak,celana dalam
celana dalam,celana dalam
cd,celana dalam
sendratari,seni drama tari
sene,sana
sana,sana
kono,sana
seng,yang
sentrap,sentral
sentral,pusat
pusat,pusat
seo,optimasi mesin pencari
sgt,sangat
shg,sehingga
sehingga,sehingga
dadi,sehingga
shot,foto
si,si
sia,saja
siap,siap
siap,siap
ready,siap
sikon,situasi kondisi
situasi kondisi,situasi kondisi
sim,surat izin mengemudi
surat izin mengemudi,surat izin mengemudi
sinetron,sinema elektronik
sinyo,tuan muda
ska,suka
skalian,sekalian
sekalian,sekalian
pisan,sekalian
skdr,sekadar
sekadar,sekadar
sklh,sekolah
skrg,sekarang
sekarang,sekarang
skrng,sekarang
saiki,sekarang
sakniki,sekarang
sl,selalu
selalu,selalu
tansah,selalu
terus,selalu
slah,salah
salah,salah
keliru,salah
kliru,salah
slh,salah
slm,salam
salam,salam
slmat,selamat
slonjoran,berselonjor
berselonjor,berselonjor
slsai,selesai
selesai,selesai
smw,semua
semua,semua
kabeh,semua
sedaya,semua
sndri,sendiri
sng,senang
senang,senang
bungah,senang
sngt,sangat
sok,pura-pura
pura2,pura-pura
ethok ethok,pura-pura
sokil,gaul
gaul,gaul
songong,sombong
sombong,sombong
kemaki,sombong
sop,standar operasional prosedur
sotoy,sok tahu
sok tahu,sok tahu
keminter,sok tahu
spa,siapa
sp,siapa
spik,berbohong
sppa,siapa
spy,supaya
sr,saudara
sriusan,seriusan
serius,serius
tenan,serius
srt,surat
surat,surat
layang,surat
st,setengah
setengah,setengah
separo,setengah
stby,siaga
siaga,siaga
standby,siaga
stiap,setiap
setiap,setiap
saben,setiap
stlh,setelah
setelah,setelah
bar,setelah
mari,setelah
stnk,surat tanda nomor kendaraan
struck,struk
struk,struk
nota,struk
std,standar
standar,standar
su,sudah
sub,langganan
langganan,langganan
subscribe,langganan
suer,sumpah
sumpah,sumpah
tenan,sumpah
t4,tempat
tempat,tempat
gon,tempat
papan,tempat
tablo,bodoh
bodoh,bodoh
goblok,bodoh
pekok,bodoh
bego,bodoh
tauk,tahu
taw,tahu
td,tadi
tadi,tadi
mau,tadi
wau,tadi
tdi,tadi
teh,kakak
telat,terlambat
terlambat,terlambat
telat,terlambat
kasip,terlambat
telmi,telat berpikir
tengil,menyebalkan
tepar,terkapar
terkapar,terkapar
teler,mabuk
tercyduk,tertangkap
tertangkap,tertangkap
keciduk,tertangkap
kegrebek,tertangkap
tering,teringat
teringat,teringat
kelingan,teringat
kemutan,teringat
teteh,kakak
tg,tentang
tentang,tentang
bab,tentang
tgl,tanggal
tanggal,tanggal
tgu,tunggu
tunggu,tunggu
ngenteni,tunggu
tmbh,tambah
th,tahun
tahun,tahun
taun,tahun
thengkyu,terima kasih
thebest,terbaik
terbaik,terbaik
paling apik,terbaik
thn,tahun
tilang,bukti pelanggaran
tipi,televisi
televisi,televisi
tipu,bohong
tks,terima kasih
tl,telepon
telepon,telepon
tlg,tolong
tlp,telepon
tman,teman
tml,tamat
tamat,selesai
tmp,tempat
tmpt,tempat
tnda,tanda
tanda,tanda
tnggu,tunggu
tnh,tanah
tanah,tanah
lemah,tanah
siti,tanah
tntg,tentang
tny,tanya
tanya,tanya
takon,tanya
tanglet,tanya
tok,saja
toko,toko
warung,toko
kedai,toko
tol,bodoh
tolongin,tolong
tong,tong
top,terbaik
trf,transfer
transfer,transfer
trgntg,tergantung
tergantung,tergantung
gumantung,tergantung
trhdp,terhadap
terhadap,terhadap
trkhr,terakhir
terakhir,terakhir
pungkasan,terakhir
trlalu,terlalu
terlalu,terlalu
kebangeten,terlalu
trm,terima
terima,terima
trima,terima
nampa,terima
nampi,terima
trmksh,terima kasih
trms,terima kasih
trnyt,ternyata
ternyata,ternyata
jebule,ternyata
trnyta,ternyata
trsrh,terserah
terserah,terserah
sakarepmu,terserah
karepmu,terserah
tru,taruh
taruh,taruh
kek,taruh
deleh,taruh
ts,pengirim asli
tst,tes
tes,tes
coba,tes
uji,tes
ttd,tertanda
tertanda,tertanda
ttg,tentang
tuh,itu
tuk,untuk
tv,televisi
tw,tahu
twt,tweet
tweet,cuitan
cuitan,cuitan
u,kamu
ujg,ujung
ujung,ujung
pucuk,ujung
ul,ulang
ulang,ulang
baleni,ulang
ulti,kemampuan pamungkas
skill ultimate,kemampuan pamungkas
jururs pamungkas,kemampuan pamungkas
unch,gemas
up,naik
val,nilai
nilai,nilai
poin,nilai
skor,nilai
valid,sah
sah,sah
resmi,sah
vid,video
video,video
vroh,kakak
w/,dengan
wadir,wakil direktur
wakil direktur,wakil direktur
wae,saja
wak,bapak
wakil,perwakilan
perwakilan,perwakilan
wakuncar,waktu kunjung pacar
wanna,ingin
warbyasah,luar biasa
luar biasa,luar biasa
apik banget,luar biasa
warkop,warung kopi
warung kopi,warung kopi
wass,wasalam
wasalam,wasalam
wat,buat
weh,saja
well,baik
baik,baik
apik,baik
sae,baik
wenak,enak
enak,enak
eco,enak
sedap,enak
what,apa
who,siapa
why,mengapa
wil,wilayah
wilayah,wilayah
daerah,wilayah
with,dengan
wjb,wajib
wjh,wajah
wajah,wajah
rai,wajah
pasuryan,wajah
wjr,wajar
wajar,wajar
pantes,wajar
wna,warga negara asing
warga negara asing,warga negara asing
bule,warga negara asing
wni,warga negara indonesia
warga negara indonesia,warga negara indonesia
wokey,oke
wow,kagum
kagum,kagum
takjub,kagum
wp,bagus
well played,bagus
wta,ingin bertanya
wth,apa-apaan
apa apaan,apa-apaan
wts,ingin menjual
ingin menjual,ingin menjual
xixixi,tertawa
yaa,iya
yah,ya
yahud,hebat
hebat,hebat
mantap,hebat
jos,hebat
yak,ya
yank,sayang
ygy,ya guys ya
ya ges ya,ya guys ya
yok,ayo
you,kamu
your,milikmu
milikmu,milikmu
youtu,kamu juga
kamu juga,kamu juga
yup,ya
z,tidur
afk,pergi sebentar
away,pergi sebentar
buff,peningkatan kekuatan
nerf,penurunan kekuatan
gank,sergapan
ganking,melakukan sergapan
push,dorong jalur
def,bertahan
defense,bertahan
mid,jalur tengah
top,jalur atas
bot,jalur bawah
lane,jalur
jungle,hutan
farm,mencari sumber daya
farming,sedang mencari sumber daya
meta,strategi populer
build,susunan item
item,barang
cd,waktu jeda
cooldown,waktu jeda
mana,energi sihir
hp,poin kesehatan
health points,poin kesehatan
nyawa,poin kesehatan
darah,poin kesehatan
exp,poin pengalaman
experience,poin pengalaman
lvl,level
level,tingkat
party,grup
guild,kelompok pemain
clan,kelompok pemain
mmr,peringkat matchmaking
elo,peringkat matchmaking
ranked,mode peringkat
unranked,mode biasa
patch,pembaruan game
bug,kesalahan program
glitch,kesalahan program
ping,latensi jaringan
dc,terputus
disconnect,terputus
reconnect,menyambung kembali
carry,pemain utama penyerang
support,pemain pendukung
tank,pemain bertahan utama
mage,penyihir
assassin,pembunuh
fighter,petarung
marksman,penembak jitu
adc,penyerang jarak jauh utama
spam,mengirim pesan berlebihan
toxic,berperilaku buruk
ggwp,permainan bagus
bngt,banget
beneran,sungguh
bner,benar
bnr,benar
bener,benar
bener²,benar-benar
betul,benar
btul,benar
iy,iya
y,iya
yup,iya
yoi,iya
yoii,iya
hooh,iya
hadeh,aduh
haduh,aduh
astaga,astaga
astaghfirullah,astaghfirullah
yaampun,ya ampun
ya ampun,ya ampun
gpp,tidak apa-apa
gapapa,tidak apa-apa
ngga papa,tidak apa-apa
nggak papa,tidak apa-apa
maav,maaf
maapin,maafkan
maafin,maafkan
sori,maaf
tenkyu,terima kasih
makasii,terima kasih
makasihh,terima kasih
maaciw,terima kasih
tengkyu,terima kasih
trimakasih,terima kasih
kenawhy,kenapa
knpa,kenapa
kenawhy,kenapa
cemungut,semangat
semangatt,semangat
spirit,semangat
gemoy,gemas
gemes,gemas
kangen,rindu
kgn,rindu
kangenn,rindu
kzl,kesal
kesel,kesal
sebel,kesal
pewe,posisi nyaman
mageran,suka malas gerak
magerr,malas gerak
mnding,lebih baik
mendingan,lebih baik
gimanaa,bagaimana
gimanaaa,bagaimana
gmna,bagaimana
gmnaa,bagaimana
udahh,sudah
udahan,sudahan
beres,selesai
kelar,selesai
mari,selesai
rampung,selesai
sbntr,sebentar
sebentarr,sebentar
ra,tidak
ndak,tidak
gabole,tidak boleh
gaboleh,tidak boleh
gaboleh,tidak boleh
gak boleh,tidak boleh
tak boleh,tidak boleh
tdk boleh,tidak boleh
opo,apa
opo?,apa?
paan,apa
mantep,mantap
mantapp,mantap
asikk,asik
asikkk,asik
seruu,seru
seruuu,seru
krn,keren
kerennn,keren
kece,keren
spill,bocorkan info
spill the tea,bongkar rahasia
based,keren
slay,keren
mood,suasana hati
relate,bisa dimengerti
literally,banget
periodt,titik
iykyk,jika kamu tahu ya tahu
pov,sudut pandang
irl,di dunia nyata
ghosting,menghilang tiba-tiba
ngghosting,menghilang tiba-tiba
healing,liburan
overthinking,berpikir berlebihan
salty,kesal
cringe,memalukan
aneh,aneh
flexing,pamer
ship,mendukung hubungan
ngeship,mendukung hubungan
stan,penggemar berat
random,acak
vibes,suasana
chill,santai
sans,santai
santuy,santai
worth it,sepadan
spammer,pengirim spam
hater,pembenci
fans,penggemar
influencer,pemengaruh
selebtwit,selebriti twitter
content creator,pembuat konten
username,nama pengguna
password,kata sandi
error,galat
kesalahan,kesalahan
download,unduh
upload,unggah
install,pasang
uninstall,copot pemasangan
spek,spesifikasi
akun,akun
private,pribadi
public,publik
anjay,astaga
mantull,mantap betul
gjls,tidak jelas
bengek,tertawa terbahak-bahak
ambyar,hancur
halu,mengkhayal
julid,nyinyir
baper,bawa perasaan
receh,mudah tertawa
komuk,kondisi muka
paripurna,sempurna
retweet,retweet
rt,retweet
komen,komentar
comment,komentar
like,suka
thread,utas
mutualan,saling mengikuti
mutual,teman mutual
alter,akun alternatif
menfess,kirim pesan anonim
rep,balas
reply,balas
qrt,kutip retweet
bm,banyak mau
base,basis penggemar
grup,grup
fl,pengikut
follbek,ikuti balik
unfoll,berhenti mengikuti
pc,pesan pribadi
op,pengirim asli
spasi,spasi
link,tautan
url,tautan
bio,biodata
ava,foto profil
avatar,foto profil
header,gambar sampul
profil,profil
verif,verifikasi
verified,terverifikasi
centang biru,terverifikasi
trending,sedang tren
topik,topik
hashtag,tagar
tag,tandai
mention,sebut
snn,senin
sls,selasa
rbo,rabu
kms,kamis
jmt,jumat
sbt,sabtu
mggu,minggu
malming,malam minggu
weekend,akhir pekan
weekday,hari kerja
pagii,pagi
siangg,siang
soree,sore
malm,malam
hbd,selamat ulang tahun
ultah,ulang tahun
slmt,selamat
congrats,selamat
congratulations,selamat
paan,apa
knpa,kenapa
gmna,bagaimana
dmna,dimana
brpa,berapa
kpnn,kapan
bgmn,bagaimana
spe,siapa
yg mana,yang mana
mn,mana
gni,begini
gini,begini
ni,ini
nii,ini
tu,itu
tuu,itu
zha,saja
wae,saja
blng,bilang
liatt,lihat
dtg,datang
dateng,datang
plg,pulang
mnum,minum
tdr,tidur
mndi,mandi
skuy,ayo
tbtb,tiba-tiba
tiba2,tiba-tiba
nggawe,membuat
neng,di
bang,kakak
sis,kakak (perempuan)
buk,ibu
bu,ibu
tante,bibi
bund,bunda
smpah,sumpah
bangettt,banget
parahh,parah
parah bgt,parah sekali
asli,asli
aseli,asli
bet,banget
bangor,nakal
nakall,nakal
bocil,anak kecil
bestie,sahabat
pren,teman
ngab,kakak
lord,jagoan
damage,kerusakan
no debat,tidak usah diperdebatkan
valid no debat,sangat benar
infoo,informasi
inpo,informasi
minimal,setidaknya
maksimal,sebanyak-banyaknya
srius,serius
seriusan?,serius?
becanda,bercanda
bcanda,bercanda
canda,bercanda
wibu,penggemar budaya jepang
kpopers,penggemar kpop
drakor,drama korea
curhat,curahan hati
curcol,curhat colongan
ngedate,kencan
kondangan,menghadiri undangan
outfit,pakaian
ootd,pakaian hari ini
recommended,direkomendasikan
rekomen,direkomendasikan
prefer,lebih suka
request,permintaan
req,permintaan
sender,pengirim
random amat,aneh sekali
dll,dan lain-lain
dsb,dan sebagainya
sbb,sebagai berikut
yg pntg,yang penting
pntg,penting
ptg,penting
mnrt,menurut
tq,terima kasih
thx,terima kasih
thanks,terima kasih
thankyou,terima kasih
ty,terima kasih
drtd,dari tadi
kpn2,kapan-kapan
spertinya,sepertinya
mngkn,mungkin
mngkin,mungkin
moga2,semoga-semoga
sempet,sempat
smpt,sempat
lewt,lewat
sblum,sebelum
setlh,setelah
sempet,sempat
ntar,nanti
tar,nanti
ntaran,nanti saja
entar,nanti
ntaps,mantap
njs,najis
jirr,anjing
wih,wah
wihh,wah
widih,wah
cakep,tampan
gans,ganteng
cans,cantik
cantikk,cantik
parah,buruk
anjir,astaga
anjim,astaga
astajim,astaga
astapiruloh,astaghfirullah
gilak,gila
sinting,gila
edun,gila
paripurna,sempurna
sempurna,sempurna
mantul,mantap betul
mantull,mantap betul
problem,masalah
masalahh,masalah
solusi,solusi
sharing,berbagi
cerita,cerita
ceritain,ceritakan
curhatin,curahkan isi hati
mengsedih,sangat sedih
sedihh,sedih
happy,senang
seneng,senang
senengg,senang
sumringah,bahagia
bahagia,bahagia
ketawa,tertawa
ngakak,tertawa
bengek,tertawa
nangis,menangis
nanges,menangis
cry,menangis
emosi,emosi
emosian,mudah emosi
marah,marah
marahh,marah
ngamuk,marah besar
bete,bosan
bosen,bosan
gabut,bosan
ngantuk,mengantuk
ngntk,mengantuk
tidurr,tidur
bangun,bangun
bgn,bangun
mikir,berpikir
mikirr,berpikir
mikirin,memikirkan
pusing,pusing
puyeng,pusing
mumet,pusing
males,malas
malesin,membuat malas
rajin,rajin
smangat,semangat
usaha,usaha
berjuang,berjuang
nyerah,menyerah
cape,lelah
capek,lelah
caapek,lelah
lelahh,lelah
istirahat,istirahat
ngaso,istirahat
main,main
maen,main
jalan2,jalan-jalan
healing,liburan
liburan,liburan
kerja,kerja
kerkom,kerja kelompok
nugas,mengerjakan tugas
tugas,tugas
sekolah,sekolah
kuliah,kuliah
kampus,kampus
kantor,kantor
duit,uang
cuan,uang
fulus,uang
bokek,tidak punya uang
kere,tidak punya uang
kaya,kaya
miskin,miskin
sederhana,sederhana
gratis,gratis
free,gratis
diskon,potongan harga
sale,obral
promo,promosi
mahal,mahal
murah,murah
murcee,murah sekali
jajan,membeli makanan ringan
ngemil,makan makanan ringan
laper,lapar
lapar,lapar
haus,haus
kenyang,kenyang
minum,minum
makan,makan
enak,enak
enakk,enak
lezat,enak
nikmat,enak
gaenak,tidak enak
gak enak,tidak enak
pahit,pahit
manis,manis
asem,asam
asin,asin
pedes,pedas
pedas,pedas
panas,panas
dingin,dingin
adem,dingin
seger,segar
segar,segar
sehat,sehat
sakit,sakit
demam,demam
pilek,pilek
batuk,batuk
sembuh,sembuh
cepet,cepat
cepetan,lebih cepat
lambat,lambat
lemot,lambat
lelet,lambat
buru2,buru-buru
buru-buru,buru-buru
santai,santai
selow,santai
pelan2,pelan-pelan
pelan-pelan,pelan-pelan
rame,ramai
ramaii,ramai
sepi,sepi
sunyi,sepi
berisik,berisik
ribut,ribut
bising,berisik
tenang,tenang
damai,damai
aman,aman
bahaya,bahaya
hati2,hati-hati
hati-hati,hati-hati
waspada,waspada
jaga2,jaga-jaga
jaga-jaga,jaga-jaga
mudah,mudah
gampang,mudah
susah,sulit
sulit,sulit
sulitt,sulit
angel,sulit
repot,repot
ribet,repot
simpel,sederhana
sederhana,sederhana
bagus,bagus
jelek,jelek
buruk,buruk
keren,bagus
biasa,biasa
biasa aja,biasa saja
lumayan,lumayan
mayan,lumayan
cukup,cukup
kurang,kurang
lebih,lebih
pas,pas
cocok,cocok
sesuai,sesuai
beda,beda
lain,lain
sama,sama
mirip,mirip
persis,sama persis
besar,besar
gedhe,besar
gede,besar
kecil,kecil
cilik,kecil
panjang,panjang
pendek,pendek
tinggi,tinggi
rendah,rendah
jauh,jauh
dekat,dekat
deket,dekat
baru,baru
lama,lama
lawas,lama
tua,tua
muda,muda
banyak,banyak
bnyk,banyak
byk,banyak
sedikit,sedikit
dikit,sedikit
sdkt,sedikit
penuh,penuh
kosong,kosong
habis,habis
abis,habis
hbs,habis
masih,masih
tersisa,tersisa
sisa,sisa
penting,penting
urgent,penting
ga penting,tidak penting
gak penting,tidak penting
terserah,terserah
trserah,terserah
terserahh,terserah
tergantung,tergantung
trgantung,tergantung
mungkin,mungkin
mgkn,mungkin
kayaknya,sepertinya
keknya,sepertinya
kyknya,sepertinya
pasti,pasti
yakin,yakin
ragu,ragu
ragu2,ragu-ragu
ragu-ragu,ragu-ragu
bimbang,ragu-ragu
bingung,bingung
paham,paham
ngerti,paham
tau,tahu
tahu,tahu
gatau,tidak tahu
gak tau,tidak tahu
ga ngerti,tidak paham
lupa,lupa
lali,lupa
ingat,ingat
inget,ingat
benar,benar
salah,salah
betul,benar
keliru,salah
jujur,jujur
bohong,bohong
ngibul,bohong
percaya,percaya
prcaya,percaya
curiga,curiga
takut,takut
berani,berani
malu,malu
pede,percaya diri
minder,rendah diri
sombong,sombong
rendah hati,rendah hati
baik,baik
jahat,jahat
ramah,ramah
jutek,judes
galak,galak
sabar,sabar
gasabar,tidak sabar
ga sabar,tidak sabar
buru2,buru-buru
rajin,rajin
malas,malas
pintar,pintar
pinter,pintar
bodoh,bodoh
bego,bodoh
tolol,bodoh
goblok,bodoh
cerdas,pintar
kreatif,kreatif
inovatif,inovatif
unik,unik
spesial,khusus
khusus,khusus
umum,umum
publik,umum
rahasia,rahasia
privasi,privasi
terbuka,terbuka
tertutup,tertutup
bebas,bebas
terikat,terikat
kuat,kuat
lemah,lemah
aktif,aktif
pasif,pasif
positif,positif
negatif,negatif
optimis,optimistis
pesimis,pesimistis
semoga,semoga
moga,semoga
amin,amin
aamiin,amin
ya allah,ya Allah
ya Tuhan,ya Tuhan
bgtu,begitu
bgini,begini
bgmn,bagaimana
bgmna,bagaimana
trnyt,ternyata
trnyta,ternyata
sbnrnya,sebenarnya
sbnernya,sebenarnya
sblmnya,sebelumnya
sblm,sebelum
stlh,setelah
sesdh,sesudah
sesudah,sesudah
pdhl,padahal
pdahal,padahal
pdhlnya,padahal
krn,karena
karna,karena
krna,karena
kpd,kepada
kpdnya,kepadanya
utk,untuk
tuk,untuk
bwt,buat
dri,dari
drpd,daripada
daripda,daripada
sbg,sebagai
sbgi,sebagai
dgn,dengan
dgnnya,dengannya
dlm,dalam
ttg,tentang
tntg,tentang
mnrt,menurut
mnrut,menurut
sprti,seperti
sperti,seperti
bhw,bahwa
bhwa,bahwa
smntr,sementara
sementara,sementara
msg2,masing-masing
masing2,masing-masing
lngkp,lengkap
lengkap,lengkap
slrh,seluruh
seluruh,seluruh
slruh,seluruh
brsma,bersama
brsama2,bersama-sama
sendri,sendiri
sndiri,sendiri
brpa,berapa
brp,berapa
sgni,segini
segini,segini
sgtu,segitu
segitu,segitu
smua,semua
smw,semua
slalu,selalu
slalu,selalu
kdng,kadang
kdg,kadang
kdang2,kadang-kadang
kdg2,kadang-kadang
sring,sering
srg,sering
jrang,jarang
jrg,jarang
lbh,lebih
lbih,lebih
krg,kurang
krang,kurang
sdkt,sedikit
sdkit,sedikit
bnyk,banyak
byk,banyak
bbrp,beberapa
bbrapa,beberapa
stiap,setiap
setiap,setiap
msih,masih
msh,masih
blm,belum
blom,belum
belom,belum
sdh,sudah
udh,sudah
udah,sudah
akn,akan
tlah,telah
telah,telah
prnh,pernah
pernh,pernah
tdk,tidak
gak,tidak
ga,tidak
nggak,tidak
ngga,tidak
enggak,tidak
engga,tidak
bkn,bukan
bukn,bukan
jgn,jangan
jngn,jangan
hrus,harus
hrs,harus
wjb,wajib
wajib,wajib
msti,mesti
mesti,mesti
psti,pasti
pst,pasti
mgkn,mungkin
mngkn,mungkin
mngkin,mungkin
prlu,perlu
perlu,perlu
gprlu,tidak perlu
gaperlu,tidak perlu
bsa,bisa
bis,bisa
gbsa,tidak bisa
gabis,tidak bisa
blh,boleh
bole,boleh
gblh,tidak boleh
gabole,tidak boleh
sngat,sangat
sgt,sangat
amat,sangat
trlalu,terlalu
trllu,terlalu
skali,sekali
skli,sekali
banget,sekali
bgt,banget
bnget,banget
bngt,banget
hnya,hanya
hny,hanya
cma,cuma
cuma,cuma
sja,saja
sj,saja
lg,lagi
lgi,lagi
tmbh,tambah
tmbah,tambah
dtg,datang
dtng,datang
prgi,pergi
plg,pulang
pulng,pulang
msuk,masuk
kluar,keluar
kelar,keluar
naik,naik
trun,turun
turun,turun
bka,buka
buka,buka
ttp,tutup
tutup,tutup
mlai,mulai
mulai,mulai
slsai,selesai
selesai,selesai
brhnti,berhenti
berhenti,berhenti
jln,jalan
jlan,jalan
lari,lari
dduk,duduk
duduk,duduk
brdri,berdiri
berdiri,berdiri
liat,lihat
lht,lihat
dngr,dengar
dengar,dengar
bcr,bicara
bicara,bicara
ngmng,bicara
ktkn,katakan
katakan,katakan
blg,bilang
bilang,bilang
tny,tanya
tnya,tanya
jwab,jawab
jwb,jawab
jwbnya,jawabannya
mkn,makan
mkan,makan
mnm,minum
minum,minum
tdr,tidur
tidur,tidur
bgn,bangun
bangun,bangun
mndi,mandi
mandi,mandi
krja,kerja
kerja,kerja
bljr,belajar
belajar,belajar
ajar,ajar
ngajar,mengajar
bca,baca
baca,baca
tls,tulis
tulis,tulis
hti,hati
hati,hati
kpla,kepala
kepala,kepala
bdn,badan
badan,badan
tgn,tangan
tangan,tangan
kki,kaki
kaki,kaki
mt,mata
mata,mata
tlinga,telinga
telinga,telinga
hdung,hidung
hidung,hidung
mlt,mulut
mulut,mulut
rmh,rumah
rumah,rumah
skul,sekolah
sklh,sekolah
kntr,kantor
kantor,kantor
psr,pasar
pasar,pasar
tmpt,tempat
tempat,tempat
jkt,jakarta
jakarta,jakarta
bdg,bandung
bandung,bandung
sby,surabaya
surabaya,surabaya
indo,indonesia
indonesia,indonesia
hr,hari
hri,hari
mggu,minggu
minggu,minggu
bln,bulan
bulan,bulan
thn,tahun
taun,tahun
jam,jam
mnt,menit
menit,menit
dtk,detik
detik,detik
pgi,pagi
siang,siang
sore,sore
mlm,malam
malem,malam
bsk,besok
besok,besok
kmrn,kemarin
kemaren,kemarin
lsa,lusa
lusa,lusa
skrg,sekarang
skrng,sekarang
skrgnya,sekarangnya
ntr,nanti
nnti,nanti
tadi,tadi
td,tadi
dlu,dulu
dulu,dulu
awl,awal
awal,awal
akhr,akhir
akhir,akhir
prtma,pertama
pertama,pertama
trakhr,terakhir
terakhir,terakhir
byr,bayar
bayar,bayar
hrg,harga
harga,harga
brg,barang
barang,barang
duit,uang
info,informasi
informasi,informasi
nmr,nomor
nomor,nomor
alm,alamat
alamat,alamat
tlp,telepon
telp,telepon
telpon,telepon
hp,handphone
email,email
akun,akun
acc,akun
usrnm,username
username,username
pw,password
password,password
psn,pesan
pesan,pesan
komen,komentar
kmntr,komentar
like,suka
share,bagikan
bgkn,bagikan
upld,unggah
upload,unggah
dnld,unduh
download,unduh
ss,screenshot
screenshot,screenshot
rek,rekomendasi
rekom,rekomendasi
rekomendasi,rekomendasi
recsel,recommended seller
reseller,penjual kembali
ongkir,ongkos kirim
cod,bayar di tempat
tf,transfer
transf,transfer
rek,rekening
norek,nomor rekening
atm,anjungan tunai mandiri
saldo,saldo
lwt,lewat
via,lewat
app,aplikasi
apk,aplikasi
web,website
website,website
link,tautan
url,tautan
inet,internet
internet,internet
jringn,jaringan
jaringan,jaringan
sinyal,sinyal
wifi,wifi
kuota,kuota
data,data
online,daring
offline,luring
vid,video
video,video
pic,gambar
foto,gambar
musik,musik
lagu,lagu
film,film
mov,film
tv,televisi
radio,radio
brta,berita
berita,berita
artikel,artikel
bku,buku
buku,buku
mjlh,majalah
majalah,majalah
koran,koran
dok,dokumen
dokumen,dokumen
file,berkas
folder,folder
cpy,salin
salin,salin
pst,tempel
paste,tempel
tempel,tempel
cut,potong
potong,potong
del,hapus
hapus,hapus
edit,sunting
sunting,sunting
sv,simpan
simpan,simpan
save,simpan
print,cetak
cetak,cetak
idk,tidak tahu
imho,menurut pendapat saya
imo,menurut pendapat saya
fyi,untuk informasi anda
btw,ngomong-ngomong
asap,sesegera mungkin
otw,sedang di jalan
afk,pergi sebentar
brb,segera kembali
lol,tertawa terbahak-bahak
lmao,tertawa sangat keras
smh,geleng-geleng kepala
nvm,lupakan saja
tbh,sejujurnya
cmiiw,koreksi jika saya salah
oot,di luar topik
dm,pesan pribadi
pm,pesan pribadi
pc,pesan pribadi
vc,panggilan video
vn,pesan suara
gc,grup chat
grup,grup
rt,retweet
qrt,kutip retweet
fl,pengikut
foll,ikuti
follow,ikuti
unfoll,berhenti mengikuti
unfollow,berhenti mengikuti
lb,like balik
like back,like balik
fb,ikuti balik
follback,ikuti balik
mutu,mutual
mutualan,saling mengikuti
mff,maaf
sori,maaf
tq,terima kasih
thx,terima kasih
ty,terima kasih
wkwk,tertawa
xixi,tertawa
huhu,menangis
hadeuh,aduh
yaampun,ya ampun
astg,astaga
astaga,astaga
sgtu,segitu
smg,semoga
mdh2an,mudah-mudahan
mudah2an,mudah-mudahan
insyaallah,insya Allah
alhamdulillah,alhamdulillah
masyaallah,masya Allah
subhanallah,subhanallah
amin,amin
aamiin,amin
mtrnwn,matur nuwun
suwun,terima kasih
nuwun,terima kasih
mksi,makasih
makasih,terima kasih
gtw,tidak tahu
gatau,tidak tahu
gngrt,tidak mengerti
ga ngerti,tidak mengerti
gpp,tidak apa-apa
gapapa,tidak apa-apa
ok,oke
oke,oke
sip,sip
yoi,iya
iy,iya
yo,iya
bnr,benar
bener,benar
btl,betul
betul,betul
slh,salah
salah,salah
udhla,sudahlah
sudahlah,sudahlah
yaudahla,ya sudahlah
ya sudahlah,ya sudahlah
gtula,begitulah
begitulah,begitulah
gnila,beginilah
beginilah,beginilah
apalgi,apalagi
apalagi,apalagi
apalage,apalagi
kekmana,bagaimana
kykmana,bagaimana
cemana,bagaimana
gmncaranya,bagaimana caranya
bagaimana caranya,bagaimana caranya
gimana caranya,bagaimana caranya
gmnsih,bagaimana sih
gimana sih,bagaimana sih
bknnya,bukannya
bukannya,bukannya
bukanny,bukannya
hrsnya,harusnya
harusnya,harusnya
mestinya,mestinya
mstinya,mestinya
sbnrnya,sebenarnya
sbnernya,sebenarnya
sejujurnya,sejujurnya
sjjurnya,sejujurnya
sejujurny,sejujurnya
truskn,teruskan
teruskan,teruskan
lanjutkn,lanjutkan
lanjutkan,lanjutkan
bntr,bentar
bentar,sebentar
bntaran,sebentaran
sebentaran,sebentaran
sbntr,sebentar
ntaran,nanti saja
nanti saja,nanti saja
tar,nanti
bentaran,sebentar
dikitt,sedikit
sedikitt,sedikit
dkit,sedikit
dkitlg,sedikit lagi
sedikit lagi,sedikit lagi
bykan,banyakan
banyakan,kebanyakan
kbnykn,kebanyakan
kebanyakan,kebanyakan
smpt,sempat
sempet,sempat
kesmptn,kesempatan
kesempatan,kesempatan
pluang,peluang
peluang,peluang
sngja,sengaja
sengaja,sengaja
gasengaja,tidak sengaja
gasngja,tidak sengaja
tidak sengaja,tidak sengaja
khlgan,kehilangan
kehilangan,kehilangan
ktinggalan,ketinggalan
ketinggalan,ketinggalan
ktmu,ketemu
ketemu,bertemu
ktemu,bertemu
kpn2,kapan-kapan
kapan2,kapan-kapan
kpn²,kapan-kapan
suatu saat,suatu saat
kpnlg,kapan lagi
kapan lagi,kapan lagi
dimna,dimana
dimana,dimana
dimna2,dimana-mana
dimana2,dimana-mana
dimana-mana,dimana-mana
ksna,kesana
kesana,kesana
ksni,kesini
kesini,kesini
stu,situ
situ,sana/kamu
sni,sini
sini,sini
dri sni,dari sini
dari sini,dari sini
dri stu,dari situ
dari situ,dari situ
dri mna,dari mana
dari mana,dari mana
sampe,sampai
smpai,sampai
sampeyan,kamu
anda,kamu
klen,kalian
klean,kalian
kelen,kalian
org2,orang-orang
orang2,orang-orang
orng2,orang-orang
brgkt,berangkat
berngkt,berangkat
berangkat,pergi
nyampe,sampai
nympe,sampai
tiba,sampai
balik,kembali
kembali,kembali
blik,kembali
pulng,pulang
pulkam,pulang kampung
pulang kampung,pulang kampung
mudik,pulang kampung
stay,tinggal
tinggal,tinggal
netap,menetap
menetap,menetap
pndh,pindah
pindah,pindah
nginep,menginap
menginap,menginap
nginap,menginap
kost,indekos
kosan,indekos
ngontrak,menyewa rumah
kontrakan,rumah sewaan
sewa,sewa
byr,bayar
lunas,lunas
cicil,cicil
cicilan,cicilan
utang,hutang
hutang,hutang
piutang,piutang
tagihan,tagihan
bill,tagihan
beliin,belikan
blikan,belikan
belikan,belikan
jualin,jualkan
jualkan,jualkan
kasihin,berikan
ksihn,berikan
berikan,berikan
ambilin,ambilkan
amblkn,ambilkan
ambilkan,ambilkan
tunjukin,tunjukkan
tnjukkn,tunjukkan
tunjukkan,tunjukkan
kirimin,kirimkan
krimkn,kirimkan
kirimkan,kirimkan
buatin,buatkan
buatkan,buatkan
bikinin,buatkan
benerin,perbaiki
perbaiki,perbaiki
betulin,perbaiki
rusakin,rusakkan
rusakkan,rusakkan
ancurin,hancurkan
hancurkan,hancurkan
ilangin,hilangkan
hilangkan,hilangkan
buang,buang
buangin,buangkan
simpen,simpan
simpan,simpan
simpenin,simpankan
taruhin,taruhkan
tarok,taruh
lakuin,lakukan
lakukan,lakukan
kerjain,kerjakan
krjakn,kerjakan
kerjakan,kerjakan
selesein,selesaikan
slsaikn,selesaikan
selesaikan,selesaikan
pakein,pakaikan
pakaikan,pakaikan
cobain,cobakan
cobakan,cobakan
cicip,cicipi
cicipi,cicipi
icip,cicipi
rasain,rasakan
rasakan,rasakan
liatin,perhatikan
perhatikan,perhatikan
dengerin,dengarkan
dengarkan,dengarkan
omongin,bicarakan
bicarakan,bicarakan
ngobrolin,membicarakan
tanyain,tanyakan
tanyakan,tanyakan
jawabinn,jawabkan
jawabkan,jawabkan
ceritain,ceritakan
ceritakan,ceritakan
kasitau,beri tahu
beri tahu,beri tahu
bilangin,beritahukan
beritahukan,memberitahu
ajarin,ajarkan
ajarkan,ajarkan
bantuin,bantu
bantu,bantu
tolongin,tolong
temenin,temani
temani,temani
jemput,jemput
jemputin,jemputkan
jemputkan,jemputkan
anter,antar
anterin,antarkan
antarkan,antarkan
nungguin,menunggu
tungguin,tunggu
ditunggu,ditunggu
dtunggu,ditunggu
diemin,diamkan
diamkan,diamkan
biarin,biarkan
biarkan,biarkan
cuekin,abaikan
abaikan,abaikan
masukin,masukkan
masukan,masukkan
keluarin,keluarkan
keluarkan,keluarkan
naikin,naikkan
naikkan,naikkan
turunin,turunkan
turunkan,turunkan
nyalain,nyalakan
nyalakan,nyalakan
matiin,matikan
matikan,matikan
gedeinn,besarkan
besarkan,besarkan
kecilin,kecilkan
kecilkan,kecilkan
cepetin,cepatkan
cepatkan,cepatkan
lambatin,lambatkan
lambatkan,lambatkan
banyakin,perbanyak
perbanyak,perbanyak
dikitinn,sedikitkan
sedikitkan,sedikitkan
tambahin,tambahkan
tambahkan,tambahkan
kurangin,kurangkan
kurangkan,kurangkan
abisinn,habiskan
habiskan,habiskan
sisain,sisakan
sisakan,sisakan
pindahin,pindahkan
pindahkan,pindahkan
umpetin,sembunyikan
sembunyikan,sembunyikan
ketauan,ketahuan
ketahuan,ketahuan
ketauan,ketahuan
keburu,terlanjur
kburu,terlanjur
terlanjur,terlanjur
trlnjr,terlanjur
kebetulan,kebetulan
kbtulan,kebetulan
kynya,kayaknya
kayaknya,sepertinya
kyknya,sepertinya
keknya,sepertinya
sepertiny,sepertinya
spertinya,sepertinya
mnrtku,menurutku
menurutku,menurutku
mnrtmu,menurutmu
menurutmu,menurutmu
mnrtnya,menurutnya
menurutnya,menurutnya
menurut gw,menurut saya
mnrt gw,menurut saya
gws,semoga lekas sembuh
hbd,selamat ulang tahun
ultah,ulang tahun
anniv,peringatan tahunan
anniversary,peringatan tahunan
congrats,selamat
congrats ya,selamat ya
slmt,selamat
selamat,selamat
rip,beristirahat dalam damai
rest in peace,beristirahat dalam damai
wtb,ingin membeli
want to buy,ingin membeli
wts,ingin menjual
want to sell,ingin menjual
wtt,ingin menukar
want to trade,ingin menukar
wta,ingin bertanya
want to ask,ingin bertanya
cod,bayar di tempat
cash on delivery,bayar di tempat
rekber,rekening bersama
rekening bersama,rekening bersama
dp,uang muka
down payment,uang muka
lfs,mencari teman mutual
looking for mutuals,mencari teman mutual
lf,mencari
looking for,mencari
rep,balasan
reply,balasan
mbb,maaf baru balas
maaf baru balas,maaf baru balas
pap,kirim foto
post a picture,kirim foto
knsl,batal
batal,batal
cancel,batal
resched,jadwal ulang
reschedule,jadwal ulang
undur,tunda
tunda,tunda
delay,tunda
pending,tertunda
tertunda,tertunda
ilang,hilang
hilang,hilang
ketemu,ditemukan
ditemukan,ditemukan
dpt,dapat
nemu,menemukan
menemukan,menemukan
nyari,mencari
mencari,mencari
srch,cari
cari,cari
temuin,temukan
temukan,temukan
kamuu,kamu
kamuuu,kamu
kamuh,kamu
kamyu,kamu
qamu,kamu
qmu,kamu
qmo,kamu
kamo,kamu
kamoe,kamu
loe,kamu
luu,kamu
luuu,kamu
elu,kamu
elow,kamu
akku,aku
akuu,aku
akuuu,aku
akuh,aku
aqu,aku
aq,aku
akko,aku
aqoe,aku
aqcu,aku
sayya,saya
sayaa,saya
sayaaa,saya
sayah,saya
saia,saya
guee,saya
gueee,saya
gw,saya
guwe,saya
ogut,saya
iyaa,iya
iyaaa,iya
iyaaaa,iya
iyah,iya
iyh,iya
iyap,iya
yoi,iya
yoi,iya
yoii,iya
hooh,iya
okee,oke
okeeh,oke
okeehh,oke
okeee,oke
okey,oke
okaii,oke
siapp,siap
siappp,siap
siaph,siap
sip,sip
siiip,sip
sippp,sip
baguss,bagus
bagusss,bagus
baguus,bagus
bagoes,bagus
bgus,bagus
bgs,bagus
kereen,keren
kerenn,keren
kerennn,keren
kerenz,keren
krenz,keren
kewren,keren
kece,keren
kce,keren
keceh,keren
mantapp,mantap
mantappp,mantap
mantaff,mantap
mantav,mantap
mantabs,mantap
ntaps,mantap
mantul,mantap
bangett,banget
bangettt,banget
bangetttt,banget
banged,banget
bangeudh,banget
beud,banget
beudh,banget
bingit,banget
bingits,banget
bgtt,banget
bgt,banget
bnget,banget
bngett,banget
bangeth,banget
begete,banget
paraah,parah
parahhh,parah
parahh,parah
parah bgt,parah banget
parah bngt,parah banget
parbet,parah banget
lucuu,lucu
lucuuu,lucu
luchu,lucu
luchuw,lucu
luthu,lucu
unch,lucu
gemess,gemas
gemesss,gemas
gemez,gemas
gemezz,gemas
gemessh,gemas
gemaash,gemas
gemoy,gemas
cantiik,cantik
cantik,cantik
cantikkk,cantik
cantiiq,cantik
tjantik,cantik
cans,cantik
cantieq,cantik
gantengg,ganteng
gantenggg,ganteng
gantenz,ganteng
gans,ganteng
tamvan,tampan
tampan,tampan
enakk,enak
enakkk,enak
enaak,enak
enaq,enak
wenak,enak
maknyus,enak
lezatt,lezat
sedapp,sedap
sakit,sakit
sakitt,sakit
sakittt,sakit
saqit,sakit
sick,sakit
senangg,senang
senanggg,senang
senenk,senang
seneng,senang
hepi,senang
happy,senang
bahagiaa,bahagia
bahagiaaa,bahagia
sedihh,sedih
sediih,sedih
sedihhh,sedih
cedih,sedih
sad,sedih
maraah,marah
marahh,marah
marahhh,marah
ngamuk,marah
kesall,kesal
kesalll,kesal
kesel,kesal
kzl,kesal
sebell,sebel
sebeell,sebel
nyebelin,menyebalkan
bt,bete
btee,bete
bosen,bosan
bosenn,bosan
kangen,rindu
kangenn,rindu
kangeen,rindu
kangen bgtt,kangen banget
kgn,rindu
rinduu,rindu
rinduuu,rindu
takutt,takut
takuttt,takut
takut bgt,takut banget
maluu,malu
maluuu,malu
maluw,malu
capekk,capek
capek,lelah
capeee,capek
capcay,capek
lelahh,lelah
lelahhh,lelah
semangatt,semangat
semangattt,semangat
cemungud,semangat
cemungudh,semangat
cemungut,semangat
spirit,semangat
lagii,lagi
lagiii,lagi
lagee,lagi
lgy,lagi
lagieh,lagi
lagih,lagi
terus,terus
teruss,terus
teruz,terus
truz,terus
trss,terus
terus terusan,terus menerusan
trs trsan,terus-terusan
apaa,apa
apaaa,apa
apah,apa
apah?,apa?
apha,apa
apose,apa
apz,apa
siapaa,siapa
siapaaa,siapa
sapose,siapa
syp,siapa
spha,siapa
sapaa,siapa
kapann,kapan
kapannn,kapan
kpn,kapan
kpann,kapan
dimanaa,dimana
dimanaaa,dimana
dmana,dimana
dmn,dimana
dmna,dimana
manaa,mana
mana nih,mana ini
napee,kenapa
napaa,kenapa
napaah,kenapa
kenapaa,kenapa
kenapaaa,kenapa
kenapose,kenapa
kenawhy,kenapa
mengapaa,mengapa
gimanaa,bagaimana
gimanaaa,bagaimana
gimanah,bagaimana
gmn,bagaimana
gmna,bagaimana
begimana,bagaimana
begimane,bagaimana
bagaimna,bagaimana
berapah,berapa
brpaa,berapa
brpaaa,berapa
udahh,sudah
udahhh,sudah
udaah,sudah
udeh,sudah
belumm,belum
belummm,belum
belom,belum
blom,belum
bluum,belum
maaff,maaf
maafff,maaf
maap,maaf
maaph,maaf
mian,maaf
sorii,maaf
sorryy,maaf
makasihh,terima kasih
makasii,terima kasih
makasihhh,terima kasih
makasiiih,terima kasih
mksh,terima kasih
makacie,terima kasih
maacih,terima kasih
tengkyu,terima kasih
tenkyu,terima kasih
tengkyuu,terima kasih
thanks,terima kasih
thankss,terima kasih
thankyouu,terima kasih
thank youu,terima kasih
thx,terima kasih
trimss,terima kasih
tolongg,tolong
tolonggg,tolong
tulung,tolong
pliss,tolong
plisss,tolong
pleas,tolong
pleasee,tolong
pleaseee,tolong
pake,pakai
pakek,pakai
pkee,pakai
bikinn,bikin
bikin,membuat
buatt,buat
buat,membuat
kasii,kasih
kasihh,kasih
kasiiih,kasih
kasik,kasih
ngasii,memberi
ngasihh,memberi
liatt,lihat
liattt,lihat
lihaat,lihat
liaat,lihat
tungguu,tunggu
tungguu,tunggu
tungggu,tunggu
tggu,tunggu
tungguin,tunggu
bilangg,bilang
bilanggg,bilang
bilank,bilang
blg,bilang
tanyaa,tanya
tanyaaa,tanya
tnyaa,tanya
jawab,jawab
jawabb,jawab
jwb,jawab
makann,makan
makan,makan
makannn,makan
mkaan,makan
mamam,makan
nyam,makan
minumm,minum
minummm,minum
tidurr,tidur
tidurrr,tidur
boboo,tidur
bobok,tidur
boboq,tidur
mainn,main
mainnn,main
maen,main
pergii,pergi
pergiih,pergi
cabutt,cabut
cabut,pergi
cuzz,pergi (ayo)
pulangg,pulang
pulanggg,pulang
pulank,pulang
balik,kembali
balikk,kembali
baliiik,kembali
speciall,spesial
specialll,spesial
spesiall,spesial
spesial,spesial
khususs,khusus
kususs,khusus
khusus,khusus
pentingg,penting
pentinggg,penting
pnting,penting
ptg,penting
bangettnya,bangetnya
bangetny,bangetnya
selaluu,selalu
selaluuu,selalu
slalu,selalu
kadangg,kadang
kadang kadang,kadang-kadang
kadank,kadang
jarangg,jarang
jarang jarang,jarang-jarang
seringg,sering
seringgg,sering
serink,sering
banyaak,banyak
banyakk,banyak
buanyak,banyak
sedikitt,sedikit
dikit,sedikit
dikiit,sedikit
cepattt,cepat
cepet,cepat
cepettt,cepat
buruaan,buru-buru
buruan,buru-buru
lambatt,lambat
lamaa,lama
lamaaa,lama
lama bgt,lama banget
baru,baru
baruu,baru
baruh,baru
inii,ini
inih,ini
iniii,ini
ituu,itu
ituuh,itu
ituuu,itu
disinii,disini
disinih,disini
disituu,disitu
disituh,disitu
disanaa,disana
disanah,disana
ginih,begini
giniii,begini
giniiee,begini
gituu,begitu
gituuh,begitu
gituh,begitu
begonoh,begitu
gtu,begitu
aduhh,aduh
aduuh,aduh
aduhai,aduh
astagaa,astaga
astagaaa,astaga
astajim,astaga
yaampunn,ya ampun
ya ampunn,ya ampun
waw,wah
waaw,wah
woww,wah
wow,kagum
wihh,wah
widiih,wah
wih,wah
asikk,asik
asikkk,asik
asekk,asik
asyikk,asik
seruuu,seru
seruuuu,seru
mantull,mantap
mantulll,mantap
anjayy,anjay
anjayyy,anjay
anjir,anjing
anjirr,anjing
gilakk,gila
gilakkk,gila
gilss,gila
edann,edan
edan,gila
edunn,edan
syekali,sekali
sekaleh,sekali
pisan,sekali
kalii,kali
kale,kali
keless,kali
k4mu,kamu
k4m0e,kamu
k4muh,kamu
4ku,aku
4kku,aku
4q,aku
4k0eh,aku
54y4,saya
5414,saya
1y4,iya
1y4h,iya
0k3,oke
0k,oke
0k3y,oke
514p,siap
514p86,siap
84gu5,bagus
849u5,bagus
6u5,bagus
k3r3n,keren
k3r3nz,keren
k3c3,kece
m4nt4p,mantap
m4nt48,mantap
m4nt4v,mantap
84n63t,banget
84n9et,banget
8n6t,banget
b6t,banget
lu7u,lucu
unyu,lucu
unyuu,lucu
imoet,imut
imut,lucu
c4k3p,cakep
tjakeup,cakep
caem,cakep
g4nt3n9,ganteng
g4nteng,ganteng
cuakep,cakep
cuantik,cantik
chantique,cantik
cantiq,cantik
3n4k,enak
3n4q,enak
54k1t,sakit
54k1tt,sakit
53n4n9,senang
5eneng,senang
53d1h,sedih
s3d1h,sedih
m4r4h,marah
k3s4l,kesal
k3s3l,kesal
b054n,bosan
b0s3n,bosan
k4n93n,kangen
k4n6en,kangen
kgnnn,kangen
r1ndu,rindu
r1nduu,rindu
t4kut,takut
t4kutt,takut
m4lu,malu
m4luu,malu
c4p3,capek
c4p3k,capek
l3l4h,lelah
l3lah,lelah
53m4n64t,semangat
5mngt,semangat
l491,lagi
l491h,lagi
t3ru5,terus
t3ru5an,terusan
4p4,apa
4p4h,apa
4p4?,apa?
514p4,siapa
514p4h,siapa
k4p4n,kapan
k4p4n?,kapan?
d1m4n4,dimana
d1m4n4?,dimana?
n4p4,kenapa
k3n4p4,kenapa
knp,kenapa
g1m4n4,bagaimana
91m4n4,bagaimana
b9mn,bagaimana
83r4p4,berapa
ud4h,sudah
ud4,sudah
ud4hl4h,sudahlah
b3lum,belum
b3l0m,belum
bl0m,belum
m44f,maaf
m44ph,maaf
m44p,maaf
m4k451h,makasih
m4k4s1h,makasih
mkshh,makasih
m4kas13h,makasih
t0l0n9,tolong
tlg,tolong
tlng,tolong
pl15,plis
pl1sss,plis
p4k3,pake
p4k3k,pake
b1k1n,bikin
8u4t,buat
k451h,kasih
k4s1h,kasih
l1h4t,lihat
l14t,lihat
tungguh,tunggu
tnggu,tunggu
b1l4n9,bilang
t4ny4,tanya
tny,tanya
j4w4b,jawab
jwban,jawaban
m4k4n,makan
m1num,minum
m1n0m,minum
t1dur,tidur
t1d0r,tidur
m41n,main
m43n,main
p3r91,pergi
pul4n9,pulang
b4l1k,balik
84l1k,balik
spec14l,spesial
sp3c14l,spesial
khu5u5,khusus
p3nt1n9,penting
pntg,penting
slaluu,selalu
slalu,selalu
kad4n9,kadang
jar4n9,jarang
ser1n9,sering
b4ny4k,banyak
bnyak,banyak
sed1k1t,sedikit
d1k1t,sedikit
cep4t,cepat
cpt,cepat
buruan,buru-buru
buru2,buru-buru
l4mb4t,lambat
lmbat,lambat
l4m4,lama
b4ru,baru
1n1,ini
1tu,itu
d1s1n1,disini
d1s1tu,disitu
d1s4n4,disana
91n1,gini
91tu,gitu
gitchu,gitu
ad0h,aduh
4duh,aduh
4st494,astaga
astajim,astaga
y44mpun,yaampun
w0w,wah
w0ww,wah
451k,asik
453k,asik
5eru,seru
53ru,seru
m4ntul,mantap
4nj4y,anjay
91l4,gila
9ilak,gila
3d4n,edan
4khrny,akhirnya
akhirny,akhirnya
akhrnya,akhirnya
sblmny,sebelumnya
seblmny,sebelumnya
stlhny,setelahnya
setelhny,setelahnya
pdhlny,padahal
pdahalny,padahal
kykny,kayaknya
sprtiny,sepertinya
spertiny,sepertinya
mngknny,mungkinnya
mungkinny,mungkinnya
trnyatany,ternyatanya
trnytany,ternyatanya
hrsny,harusnya
hrusny,harusnya
mztiny,mestinya
mestiny,mestinya
bknny,bukannya
bukanny,bukannya
jg,juga
jga,juga
jk,jika
jka,jika
mlh,malah
mlah,malah
bgtu,begitu
bgini,begini
bgm,bagaimana
bgmn,bagaimana
bgmnapun,bagaimanapun
bagaimanapun,bagaimanapun
bgmanapun,bagaimanapun
sjk,sejak
sejak,sejak
smjk,semenjak
semenjak,semenjak
smntr,sementara
sementara,sementara
smpkn,sampaikan
sampaikan,sampaikan
smperin,samperin
samperin,samperin
dtgin,datangi
datangi,datangi
ngpain,sedang apa
ngapain,sedang apa
lgi ngpain,lagi ngapain
ngapain lg,ngapain lagi
ngpain aj,ngapain aja
ngapain aja,ngapain aja
knp lg,kenapa lagi
kenapa lg,kenapa lagi
kenapa lagi,kenapa lagi
ada apa lg,ada apa lagi
ada apa lagi,ada apa lagi
siapa lg,siapa lagi
siapa lagi,siapa lagi
kapan lg,kapan lagi
dimana lg,dimana lagi
gimana lg,bagaimana lagi
bagaimana lg,bagaimana lagi
kok bs,kok bisa
kok bisa,kok bisa
kok bsa,kok bisa
kyk gini,kayak begini
kayak gini,kayak begini
kyk gitu,kayak begitu
kayak gitu,kayak begitu
kek gini,seperti ini
kek gitu,seperti itu
ga ad,tidak ada
gaada,tidak ada
gak ad,tidak ada
gada,tidak ada
gk ad,tidak ada
ga prnh,tidak pernah
gapernah,tidak pernah
gak prnh,tidak pernah
gak pernah,tidak pernah
ga ush,tidak usah
gausah,tidak usah
gak usah,tidak usah
gk ush,tidak usah
ga prlu,tidak perlu
gaperlu,tidak perlu
gak perlu,tidak perlu
gk perlu,tidak perlu
ga smpt,tidak sempat
gasempet,tidak sempat
gak smpt,tidak sempat
gak sempet,tidak sempat
td,tadi
tdi,tadi
ntr,nanti
ntar,nanti
brsn,barusan
barusan,barusan
barusan aj,barusan saja
barusan aja,barusan saja
skrg,sekarang
skrng,sekarang
saiki,sekarang
skrg ini,sekarang ini
saat ini,saat ini
hari ini,hari ini
hr ini,hari ini
hrini,hari ini
bsk,besok
besok,besok
kmrn,kemarin
kemaren,kemarin
dulu,dulu
dlu,dulu
prnh,pernah
pernh,pernah
blm prnh,belum pernah
belum prnh,belum pernah
belom prnh,belum pernah
blom prnh,belum pernah
udh prnh,sudah pernah
udah prnh,sudah pernah
sdh prnh,sudah pernah
sdh,sudah
msh,masih
msi,masih
msih,masih
masi,masih
knl,kenal
kenalan,kenalan
knln,kenalan
followan,saling mengikuti
tmnan,temanan
temenan,temanan
pcrn,pacaran
pacaran,pacaran
musuhan,musuhan
musuhn,musuhan
saingan,saingan
saingn,saingan
sendirian,sendirian
sndirian,sendirian
berdua,berdua
brdua,berdua
brduaan,berduaan
bertiga,bertiga
brtiga,bertiga
berempat,berempat
brempat,berempat
berlima,berlima
brlima,berlima
ramean,ramai-ramai
rame2,ramai-ramai
ramai2,ramai-ramai
sendiri2,sendiri-sendiri
sendri2,sendiri-sendiri
masing2,masing-masing
msg2,masing-masing
satu2,satu-satu
satusatu,satu-satu
smw,semua
semuany,semuanya
semuanya,semuanya
smwany,semuanya
sbgian,sebagian
sebagian,sebagian
slruh,seluruh
seluruh,seluruh
seluruhny,seluruhnya
sluruhny,seluruhnya
seluruhnya,seluruhnya
beberp,beberapa
bbrp,beberapa
beberapa,beberapa
smcm,semacam
semacam,semacam
sejenis,sejenis
sjnis,sejenis
sprti,seperti
sperti,seperti
kyk,seperti
kek,seperti
bagai,seperti
bgaikn,bagaikan
bagaikan,bagaikan
mirip,mirip
mrip,mirip
persis,persis
prsis,persis
beda,berbeda
berbeda,berbeda
lain,lain
lainny,lainnya
lainnya,lainnya
yg lain,yang lain
yg laen,yang lain
laen,lain
pertama,pertama
prtama,pertama
pertamax,pertama
kedua,kedua
kdua,kedua
ketiga,ketiga
ktiga,ketiga
terakhir,terakhir
trakhir,terakhir
trahr,terakhir
akhirnya,akhirnya
akhrny,akhirnya
akhirny,akhirnya
awalny,awalnya
awalnya,awalnya
mula2,mula-mula
mula-mula,mula-mula
mulany,mulanya
mulanya,mulanya
ujungny,ujungnya
ujungnya,ujungnya